sample_id,fold_id,rank_in_trpool,included_at_32,included_at_64,included_at_96,included_at_128,included_at_160,included_at_192,included_at_224,included_at_252
49,0,1,1,1,1,1,1,1,1,1
3,0,2,1,1,1,1,1,1,1,1
176,0,3,1,1,1,1,1,1,1,1
191,0,4,1,1,1,1,1,1,1,1
287,0,5,1,1,1,1,1,1,1,1
215,0,6,1,1,1,1,1,1,1,1
293,0,7,1,1,1,1,1,1,1,1
140,0,8,1,1,1,1,1,1,1,1
110,0,9,1,1,1,1,1,1,1,1
36,0,10,1,1,1,1,1,1,1,1
87,0,11,1,1,1,1,1,1,1,1
95,0,12,1,1,1,1,1,1,1,1
92,0,13,1,1,1,1,1,1,1,1
114,0,14,1,1,1,1,1,1,1,1
161,0,15,1,1,1,1,1,1,1,1
124,0,16,1,1,1,1,1,1,1,1
83,0,17,1,1,1,1,1,1,1,1
310,0,18,1,1,1,1,1,1,1,1
28,0,19,1,1,1,1,1,1,1,1
210,0,20,1,1,1,1,1,1,1,1
158,0,21,1,1,1,1,1,1,1,1
89,0,22,1,1,1,1,1,1,1,1
205,0,23,1,1,1,1,1,1,1,1
16,0,24,1,1,1,1,1,1,1,1
31,0,25,1,1,1,1,1,1,1,1
318,0,26,1,1,1,1,1,1,1,1
207,0,27,1,1,1,1,1,1,1,1
76,0,28,1,1,1,1,1,1,1,1
275,0,29,1,1,1,1,1,1,1,1
173,0,30,1,1,1,1,1,1,1,1
307,0,31,1,1,1,1,1,1,1,1
168,0,32,1,1,1,1,1,1,1,1
100,0,33,0,1,1,1,1,1,1,1
11,0,34,0,1,1,1,1,1,1,1
200,0,35,0,1,1,1,1,1,1,1
237,0,36,0,1,1,1,1,1,1,1
25,0,37,0,1,1,1,1,1,1,1
45,0,38,0,1,1,1,1,1,1,1
27,0,39,0,1,1,1,1,1,1,1
269,0,40,0,1,1,1,1,1,1,1
192,0,41,0,1,1,1,1,1,1,1
289,0,42,0,1,1,1,1,1,1,1
165,0,43,0,1,1,1,1,1,1,1
216,0,44,0,1,1,1,1,1,1,1
125,0,45,0,1,1,1,1,1,1,1
162,0,46,0,1,1,1,1,1,1,1
97,0,47,0,1,1,1,1,1,1,1
238,0,48,0,1,1,1,1,1,1,1
252,0,49,0,1,1,1,1,1,1,1
278,0,50,0,1,1,1,1,1,1,1
50,0,51,0,1,1,1,1,1,1,1
133,0,52,0,1,1,1,1,1,1,1
4,0,53,0,1,1,1,1,1,1,1
155,0,54,0,1,1,1,1,1,1,1
150,0,55,0,1,1,1,1,1,1,1
177,0,56,0,1,1,1,1,1,1,1
297,0,57,0,1,1,1,1,1,1,1
147,0,58,0,1,1,1,1,1,1,1
41,0,59,0,1,1,1,1,1,1,1
141,0,60,0,1,1,1,1,1,1,1
159,0,61,0,1,1,1,1,1,1,1
320,0,62,0,1,1,1,1,1,1,1
151,0,63,0,1,1,1,1,1,1,1
187,0,64,0,1,1,1,1,1,1,1
1,0,65,0,0,1,1,1,1,1,1
217,0,66,0,0,1,1,1,1,1,1
285,0,67,0,0,1,1,1,1,1,1
319,0,68,0,0,1,1,1,1,1,1
268,0,69,0,0,1,1,1,1,1,1
48,0,70,0,0,1,1,1,1,1,1
313,0,71,0,0,1,1,1,1,1,1
258,0,72,0,0,1,1,1,1,1,1
156,0,73,0,0,1,1,1,1,1,1
75,0,74,0,0,1,1,1,1,1,1
115,0,75,0,0,1,1,1,1,1,1
129,0,76,0,0,1,1,1,1,1,1
201,0,77,0,0,1,1,1,1,1,1
250,0,78,0,0,1,1,1,1,1,1
53,0,79,0,0,1,1,1,1,1,1
225,0,80,0,0,1,1,1,1,1,1
52,0,81,0,0,1,1,1,1,1,1
74,0,82,0,0,1,1,1,1,1,1
203,0,83,0,0,1,1,1,1,1,1
211,0,84,0,0,1,1,1,1,1,1
90,0,85,0,0,1,1,1,1,1,1
283,0,86,0,0,1,1,1,1,1,1
7,0,87,0,0,1,1,1,1,1,1
54,0,88,0,0,1,1,1,1,1,1
244,0,89,0,0,1,1,1,1,1,1
292,0,90,0,0,1,1,1,1,1,1
80,0,91,0,0,1,1,1,1,1,1
300,0,92,0,0,1,1,1,1,1,1
70,0,93,0,0,1,1,1,1,1,1
123,0,94,0,0,1,1,1,1,1,1
290,0,95,0,0,1,1,1,1,1,1
309,0,96,0,0,1,1,1,1,1,1
137,0,97,0,0,0,1,1,1,1,1
312,0,98,0,0,0,1,1,1,1,1
169,0,99,0,0,0,1,1,1,1,1
35,0,100,0,0,0,1,1,1,1,1
183,0,101,0,0,0,1,1,1,1,1
43,0,102,0,0,0,1,1,1,1,1
91,0,103,0,0,0,1,1,1,1,1
212,0,104,0,0,0,1,1,1,1,1
231,0,105,0,0,0,1,1,1,1,1
226,0,106,0,0,0,1,1,1,1,1
82,0,107,0,0,0,1,1,1,1,1
259,0,108,0,0,0,1,1,1,1,1
30,0,109,0,0,0,1,1,1,1,1
291,0,110,0,0,0,1,1,1,1,1
118,0,111,0,0,0,1,1,1,1,1
189,0,112,0,0,0,1,1,1,1,1
99,0,113,0,0,0,1,1,1,1,1
109,0,114,0,0,0,1,1,1,1,1
113,0,115,0,0,0,1,1,1,1,1
111,0,116,0,0,0,1,1,1,1,1
61,0,117,0,0,0,1,1,1,1,1
228,0,118,0,0,0,1,1,1,1,1
10,0,119,0,0,0,1,1,1,1,1
65,0,120,0,0,0,1,1,1,1,1
60,0,121,0,0,0,1,1,1,1,1
79,0,122,0,0,0,1,1,1,1,1
108,0,123,0,0,0,1,1,1,1,1
9,0,124,0,0,0,1,1,1,1,1
22,0,125,0,0,0,1,1,1,1,1
197,0,126,0,0,0,1,1,1,1,1
122,0,127,0,0,0,1,1,1,1,1
94,0,128,0,0,0,1,1,1,1,1
295,0,129,0,0,0,0,1,1,1,1
12,0,130,0,0,0,0,1,1,1,1
281,0,131,0,0,0,0,1,1,1,1
145,0,132,0,0,0,0,1,1,1,1
51,0,133,0,0,0,0,1,1,1,1
235,0,134,0,0,0,0,1,1,1,1
85,0,135,0,0,0,0,1,1,1,1
148,0,136,0,0,0,0,1,1,1,1
66,0,137,0,0,0,0,1,1,1,1
23,0,138,0,0,0,0,1,1,1,1
234,0,139,0,0,0,0,1,1,1,1
263,0,140,0,0,0,0,1,1,1,1
17,0,141,0,0,0,0,1,1,1,1
44,0,142,0,0,0,0,1,1,1,1
248,0,143,0,0,0,0,1,1,1,1
251,0,144,0,0,0,0,1,1,1,1
86,0,145,0,0,0,0,1,1,1,1
247,0,146,0,0,0,0,1,1,1,1
270,0,147,0,0,0,0,1,1,1,1
185,0,148,0,0,0,0,1,1,1,1
163,0,149,0,0,0,0,1,1,1,1
179,0,150,0,0,0,0,1,1,1,1
8,0,151,0,0,0,0,1,1,1,1
153,0,152,0,0,0,0,1,1,1,1
315,0,153,0,0,0,0,1,1,1,1
167,0,154,0,0,0,0,1,1,1,1
14,0,155,0,0,0,0,1,1,1,1
64,0,156,0,0,0,0,1,1,1,1
236,0,157,0,0,0,0,1,1,1,1
246,0,158,0,0,0,0,1,1,1,1
181,0,159,0,0,0,0,1,1,1,1
62,0,160,0,0,0,0,1,1,1,1
221,0,161,0,0,0,0,0,1,1,1
71,0,162,0,0,0,0,0,1,1,1
301,0,163,0,0,0,0,0,1,1,1
190,0,164,0,0,0,0,0,1,1,1
276,0,165,0,0,0,0,0,1,1,1
296,0,166,0,0,0,0,0,1,1,1
78,0,167,0,0,0,0,0,1,1,1
316,0,168,0,0,0,0,0,1,1,1
146,0,169,0,0,0,0,0,1,1,1
308,0,170,0,0,0,0,0,1,1,1
206,0,171,0,0,0,0,0,1,1,1
5,0,172,0,0,0,0,0,1,1,1
304,0,173,0,0,0,0,0,1,1,1
193,0,174,0,0,0,0,0,1,1,1
152,0,175,0,0,0,0,0,1,1,1
284,0,176,0,0,0,0,0,1,1,1
93,0,177,0,0,0,0,0,1,1,1
32,0,178,0,0,0,0,0,1,1,1
230,0,179,0,0,0,0,0,1,1,1
67,0,180,0,0,0,0,0,1,1,1
288,0,181,0,0,0,0,0,1,1,1
271,0,182,0,0,0,0,0,1,1,1
223,0,183,0,0,0,0,0,1,1,1
15,0,184,0,0,0,0,0,1,1,1
245,0,185,0,0,0,0,0,1,1,1
218,0,186,0,0,0,0,0,1,1,1
136,0,187,0,0,0,0,0,1,1,1
21,0,188,0,0,0,0,0,1,1,1
13,0,189,0,0,0,0,0,1,1,1
195,0,190,0,0,0,0,0,1,1,1
321,0,191,0,0,0,0,0,1,1,1
180,0,192,0,0,0,0,0,1,1,1
214,0,193,0,0,0,0,0,0,1,1
19,0,194,0,0,0,0,0,0,1,1
188,0,195,0,0,0,0,0,0,1,1
68,0,196,0,0,0,0,0,0,1,1
88,0,197,0,0,0,0,0,0,1,1
257,0,198,0,0,0,0,0,0,1,1
277,0,199,0,0,0,0,0,0,1,1
204,0,200,0,0,0,0,0,0,1,1
227,0,201,0,0,0,0,0,0,1,1
224,0,202,0,0,0,0,0,0,1,1
107,0,203,0,0,0,0,0,0,1,1
58,0,204,0,0,0,0,0,0,1,1
84,0,205,0,0,0,0,0,0,1,1
154,0,206,0,0,0,0,0,0,1,1
39,0,207,0,0,0,0,0,0,1,1
202,0,208,0,0,0,0,0,0,1,1
117,0,209,0,0,0,0,0,0,1,1
6,0,210,0,0,0,0,0,0,1,1
220,0,211,0,0,0,0,0,0,1,1
106,0,212,0,0,0,0,0,0,1,1
264,0,213,0,0,0,0,0,0,1,1
242,0,214,0,0,0,0,0,0,1,1
266,0,215,0,0,0,0,0,0,1,1
280,0,216,0,0,0,0,0,0,1,1
135,0,217,0,0,0,0,0,0,1,1
116,0,218,0,0,0,0,0,0,1,1
222,0,219,0,0,0,0,0,0,1,1
298,0,220,0,0,0,0,0,0,1,1
172,0,221,0,0,0,0,0,0,1,1
18,0,222,0,0,0,0,0,0,1,1
134,0,223,0,0,0,0,0,0,1,1
305,0,224,0,0,0,0,0,0,1,1
273,0,225,0,0,0,0,0,0,0,1
143,0,226,0,0,0,0,0,0,0,1
33,0,227,0,0,0,0,0,0,0,1
317,0,228,0,0,0,0,0,0,0,1
286,0,229,0,0,0,0,0,0,0,1
219,0,230,0,0,0,0,0,0,0,1
249,0,231,0,0,0,0,0,0,0,1
69,0,232,0,0,0,0,0,0,0,1
229,0,233,0,0,0,0,0,0,0,1
131,0,234,0,0,0,0,0,0,0,1
101,0,235,0,0,0,0,0,0,0,1
302,0,236,0,0,0,0,0,0,0,1
119,0,237,0,0,0,0,0,0,0,1
261,0,238,0,0,0,0,0,0,0,1
213,0,239,0,0,0,0,0,0,0,1
128,0,240,0,0,0,0,0,0,0,1
112,0,241,0,0,0,0,0,0,0,1
274,0,242,0,0,0,0,0,0,0,1
255,0,243,0,0,0,0,0,0,0,1
56,0,244,0,0,0,0,0,0,0,1
240,0,245,0,0,0,0,0,0,0,1
198,0,246,0,0,0,0,0,0,0,1
194,0,247,0,0,0,0,0,0,0,1
120,0,248,0,0,0,0,0,0,0,1
232,0,249,0,0,0,0,0,0,0,1
182,0,250,0,0,0,0,0,0,0,1
303,0,251,0,0,0,0,0,0,0,1
209,0,252,0,0,0,0,0,0,0,1
46,1,1,1,1,1,1,1,1,1,1
2,1,2,1,1,1,1,1,1,1,1
165,1,3,1,1,1,1,1,1,1,1
180,1,4,1,1,1,1,1,1,1,1
284,1,5,1,1,1,1,1,1,1,1
207,1,6,1,1,1,1,1,1,1,1
283,1,7,1,1,1,1,1,1,1,1
131,1,8,1,1,1,1,1,1,1,1
99,1,9,1,1,1,1,1,1,1,1
37,1,10,1,1,1,1,1,1,1,1
77,1,11,1,1,1,1,1,1,1,1
88,1,12,1,1,1,1,1,1,1,1
82,1,13,1,1,1,1,1,1,1,1
104,1,14,1,1,1,1,1,1,1,1
154,1,15,1,1,1,1,1,1,1,1
119,1,16,1,1,1,1,1,1,1,1
73,1,17,1,1,1,1,1,1,1,1
311,1,18,1,1,1,1,1,1,1,1
29,1,19,1,1,1,1,1,1,1,1
199,1,20,1,1,1,1,1,1,1,1
152,1,21,1,1,1,1,1,1,1,1
79,1,22,1,1,1,1,1,1,1,1
195,1,23,1,1,1,1,1,1,1,1
18,1,24,1,1,1,1,1,1,1,1
32,1,25,1,1,1,1,1,1,1,1
317,1,26,1,1,1,1,1,1,1,1
197,1,27,1,1,1,1,1,1,1,1
68,1,28,1,1,1,1,1,1,1,1
274,1,29,1,1,1,1,1,1,1,1
164,1,30,1,1,1,1,1,1,1,1
307,1,31,1,1,1,1,1,1,1,1
161,1,32,1,1,1,1,1,1,1,1
92,1,33,0,1,1,1,1,1,1,1
11,1,34,0,1,1,1,1,1,1,1
188,1,35,0,1,1,1,1,1,1,1
233,1,36,0,1,1,1,1,1,1,1
27,1,37,0,1,1,1,1,1,1,1
43,1,38,0,1,1,1,1,1,1,1
28,1,39,0,1,1,1,1,1,1,1
265,1,40,0,1,1,1,1,1,1,1
181,1,41,0,1,1,1,1,1,1,1
310,1,42,0,1,1,1,1,1,1,1
158,1,43,0,1,1,1,1,1,1,1
208,1,44,0,1,1,1,1,1,1,1
120,1,45,0,1,1,1,1,1,1,1
155,1,46,0,1,1,1,1,1,1,1
90,1,47,0,1,1,1,1,1,1,1
234,1,48,0,1,1,1,1,1,1,1
250,1,49,0,1,1,1,1,1,1,1
275,1,50,0,1,1,1,1,1,1,1
47,1,51,0,1,1,1,1,1,1,1
125,1,52,0,1,1,1,1,1,1,1
4,1,53,0,1,1,1,1,1,1,1
150,1,54,0,1,1,1,1,1,1,1
143,1,55,0,1,1,1,1,1,1,1
166,1,56,0,1,1,1,1,1,1,1
295,1,57,0,1,1,1,1,1,1,1
140,1,58,0,1,1,1,1,1,1,1
39,1,59,0,1,1,1,1,1,1,1
132,1,60,0,1,1,1,1,1,1,1
153,1,61,0,1,1,1,1,1,1,1
304,1,62,0,1,1,1,1,1,1,1
144,1,63,0,1,1,1,1,1,1,1
176,1,64,0,1,1,1,1,1,1,1
1,1,65,0,0,1,1,1,1,1,1
209,1,66,0,0,1,1,1,1,1,1
292,1,67,0,0,1,1,1,1,1,1
318,1,68,0,0,1,1,1,1,1,1
264,1,69,0,0,1,1,1,1,1,1
45,1,70,0,0,1,1,1,1,1,1
313,1,71,0,0,1,1,1,1,1,1
254,1,72,0,0,1,1,1,1,1,1
151,1,73,0,0,1,1,1,1,1,1
67,1,74,0,0,1,1,1,1,1,1
105,1,75,0,0,1,1,1,1,1,1
122,1,76,0,0,1,1,1,1,1,1
189,1,77,0,0,1,1,1,1,1,1
248,1,78,0,0,1,1,1,1,1,1
51,1,79,0,0,1,1,1,1,1,1
218,1,80,0,0,1,1,1,1,1,1
50,1,81,0,0,1,1,1,1,1,1
66,1,82,0,0,1,1,1,1,1,1
193,1,83,0,0,1,1,1,1,1,1
200,1,84,0,0,1,1,1,1,1,1
80,1,85,0,0,1,1,1,1,1,1
280,1,86,0,0,1,1,1,1,1,1
7,1,87,0,0,1,1,1,1,1,1
52,1,88,0,0,1,1,1,1,1,1
240,1,89,0,0,1,1,1,1,1,1
291,1,90,0,0,1,1,1,1,1,1
71,1,91,0,0,1,1,1,1,1,1
297,1,92,0,0,1,1,1,1,1,1
64,1,93,0,0,1,1,1,1,1,1
116,1,94,0,0,1,1,1,1,1,1
288,1,95,0,0,1,1,1,1,1,1
271,1,96,0,0,1,1,1,1,1,1
130,1,97,0,0,0,1,1,1,1,1
312,1,98,0,0,0,1,1,1,1,1
162,1,99,0,0,0,1,1,1,1,1
36,1,100,0,0,0,1,1,1,1,1
174,1,101,0,0,0,1,1,1,1,1
40,1,102,0,0,0,1,1,1,1,1
81,1,103,0,0,0,1,1,1,1,1
202,1,104,0,0,0,1,1,1,1,1
225,1,105,0,0,0,1,1,1,1,1
219,1,106,0,0,0,1,1,1,1,1
72,1,107,0,0,0,1,1,1,1,1
255,1,108,0,0,0,1,1,1,1,1
31,1,109,0,0,0,1,1,1,1,1
289,1,110,0,0,0,1,1,1,1,1
111,1,111,0,0,0,1,1,1,1,1
178,1,112,0,0,0,1,1,1,1,1
91,1,113,0,0,0,1,1,1,1,1
98,1,114,0,0,0,1,1,1,1,1
103,1,115,0,0,0,1,1,1,1,1
100,1,116,0,0,0,1,1,1,1,1
56,1,117,0,0,0,1,1,1,1,1
222,1,118,0,0,0,1,1,1,1,1
10,1,119,0,0,0,1,1,1,1,1
59,1,120,0,0,0,1,1,1,1,1
55,1,121,0,0,0,1,1,1,1,1
70,1,122,0,0,0,1,1,1,1,1
97,1,123,0,0,0,1,1,1,1,1
9,1,124,0,0,0,1,1,1,1,1
25,1,125,0,0,0,1,1,1,1,1
186,1,126,0,0,0,1,1,1,1,1
115,1,127,0,0,0,1,1,1,1,1
86,1,128,0,0,0,1,1,1,1,1
293,1,129,0,0,0,0,1,1,1,1
12,1,130,0,0,0,0,1,1,1,1
279,1,131,0,0,0,0,1,1,1,1
138,1,132,0,0,0,0,1,1,1,1
48,1,133,0,0,0,0,1,1,1,1
230,1,134,0,0,0,0,1,1,1,1
75,1,135,0,0,0,0,1,1,1,1
142,1,136,0,0,0,0,1,1,1,1
60,1,137,0,0,0,0,1,1,1,1
26,1,138,0,0,0,0,1,1,1,1
229,1,139,0,0,0,0,1,1,1,1
272,1,140,0,0,0,0,1,1,1,1
19,1,141,0,0,0,0,1,1,1,1
42,1,142,0,0,0,0,1,1,1,1
245,1,143,0,0,0,0,1,1,1,1
249,1,144,0,0,0,0,1,1,1,1
76,1,145,0,0,0,0,1,1,1,1
244,1,146,0,0,0,0,1,1,1,1
266,1,147,0,0,0,0,1,1,1,1
175,1,148,0,0,0,0,1,1,1,1
157,1,149,0,0,0,0,1,1,1,1
167,1,150,0,0,0,0,1,1,1,1
8,1,151,0,0,0,0,1,1,1,1
147,1,152,0,0,0,0,1,1,1,1
314,1,153,0,0,0,0,1,1,1,1
160,1,154,0,0,0,0,1,1,1,1
15,1,155,0,0,0,0,1,1,1,1
58,1,156,0,0,0,0,1,1,1,1
231,1,157,0,0,0,0,1,1,1,1
243,1,158,0,0,0,0,1,1,1,1
170,1,159,0,0,0,0,1,1,1,1
57,1,160,0,0,0,0,1,1,1,1
213,1,161,0,0,0,0,0,1,1,1
65,1,162,0,0,0,0,0,1,1,1
319,1,163,0,0,0,0,0,1,1,1
179,1,164,0,0,0,0,0,1,1,1
273,1,165,0,0,0,0,0,1,1,1
294,1,166,0,0,0,0,0,1,1,1
69,1,167,0,0,0,0,0,1,1,1
315,1,168,0,0,0,0,0,1,1,1
139,1,169,0,0,0,0,0,1,1,1
308,1,170,0,0,0,0,0,1,1,1
196,1,171,0,0,0,0,0,1,1,1
5,1,172,0,0,0,0,0,1,1,1
305,1,173,0,0,0,0,0,1,1,1
183,1,174,0,0,0,0,0,1,1,1
146,1,175,0,0,0,0,0,1,1,1
281,1,176,0,0,0,0,0,1,1,1
84,1,177,0,0,0,0,0,1,1,1
34,1,178,0,0,0,0,0,1,1,1
224,1,179,0,0,0,0,0,1,1,1
61,1,180,0,0,0,0,0,1,1,1
285,1,181,0,0,0,0,0,1,1,1
286,1,182,0,0,0,0,0,1,1,1
216,1,183,0,0,0,0,0,1,1,1
16,1,184,0,0,0,0,0,1,1,1
241,1,185,0,0,0,0,0,1,1,1
210,1,186,0,0,0,0,0,1,1,1
128,1,187,0,0,0,0,0,1,1,1
24,1,188,0,0,0,0,0,1,1,1
13,1,189,0,0,0,0,0,1,1,1
185,1,190,0,0,0,0,0,1,1,1
320,1,191,0,0,0,0,0,1,1,1
168,1,192,0,0,0,0,0,1,1,1
204,1,193,0,0,0,0,0,0,1,1
21,1,194,0,0,0,0,0,0,1,1
177,1,195,0,0,0,0,0,0,1,1
62,1,196,0,0,0,0,0,0,1,1
78,1,197,0,0,0,0,0,0,1,1
253,1,198,0,0,0,0,0,0,1,1
263,1,199,0,0,0,0,0,0,1,1
194,1,200,0,0,0,0,0,0,1,1
220,1,201,0,0,0,0,0,0,1,1
217,1,202,0,0,0,0,0,0,1,1
96,1,203,0,0,0,0,0,0,1,1
258,1,204,0,0,0,0,0,0,1,1
54,1,205,0,0,0,0,0,0,1,1
74,1,206,0,0,0,0,0,0,1,1
149,1,207,0,0,0,0,0,0,1,1
38,1,208,0,0,0,0,0,0,1,1
192,1,209,0,0,0,0,0,0,1,1
110,1,210,0,0,0,0,0,0,1,1
6,1,211,0,0,0,0,0,0,1,1
212,1,212,0,0,0,0,0,0,1,1
94,1,213,0,0,0,0,0,0,1,1
259,1,214,0,0,0,0,0,0,1,1
238,1,215,0,0,0,0,0,0,1,1
261,1,216,0,0,0,0,0,0,1,1
277,1,217,0,0,0,0,0,0,1,1
127,1,218,0,0,0,0,0,0,1,1
107,1,219,0,0,0,0,0,0,1,1
214,1,220,0,0,0,0,0,0,1,1
296,1,221,0,0,0,0,0,0,1,1
163,1,222,0,0,0,0,0,0,1,1
20,1,223,0,0,0,0,0,0,1,1
126,1,224,0,0,0,0,0,0,1,1
306,1,225,0,0,0,0,0,0,0,1
268,1,226,0,0,0,0,0,0,0,1
135,1,227,0,0,0,0,0,0,0,1
35,1,228,0,0,0,0,0,0,0,1
316,1,229,0,0,0,0,0,0,0,1
282,1,230,0,0,0,0,0,0,0,1
211,1,231,0,0,0,0,0,0,0,1
246,1,232,0,0,0,0,0,0,0,1
63,1,233,0,0,0,0,0,0,0,1
223,1,234,0,0,0,0,0,0,0,1
124,1,235,0,0,0,0,0,0,0,1
93,1,236,0,0,0,0,0,0,0,1
298,1,237,0,0,0,0,0,0,0,1
112,1,238,0,0,0,0,0,0,0,1
257,1,239,0,0,0,0,0,0,0,1
203,1,240,0,0,0,0,0,0,0,1
121,1,241,0,0,0,0,0,0,0,1
102,1,242,0,0,0,0,0,0,0,1
269,1,243,0,0,0,0,0,0,0,1
252,1,244,0,0,0,0,0,0,0,1
53,1,245,0,0,0,0,0,0,0,1
235,1,246,0,0,0,0,0,0,0,1
187,1,247,0,0,0,0,0,0,0,1
184,1,248,0,0,0,0,0,0,0,1
114,1,249,0,0,0,0,0,0,0,1
228,1,250,0,0,0,0,0,0,0,1
171,1,251,0,0,0,0,0,0,0,1
299,1,252,0,0,0,0,0,0,0,1
198,1,253,0,0,0,0,0,0,0,0
44,2,1,1,1,1,1,1,1,1,1
2,2,2,1,1,1,1,1,1,1,1
161,2,3,1,1,1,1,1,1,1,1
177,2,4,1,1,1,1,1,1,1,1
286,2,5,1,1,1,1,1,1,1,1
203,2,6,1,1,1,1,1,1,1,1
284,2,7,1,1,1,1,1,1,1,1
131,2,8,1,1,1,1,1,1,1,1
104,2,9,1,1,1,1,1,1,1,1
37,2,10,1,1,1,1,1,1,1,1
83,2,11,1,1,1,1,1,1,1,1
94,2,12,1,1,1,1,1,1,1,1
88,2,13,1,1,1,1,1,1,1,1
108,2,14,1,1,1,1,1,1,1,1
148,2,15,1,1,1,1,1,1,1,1
120,2,16,1,1,1,1,1,1,1,1
77,2,17,1,1,1,1,1,1,1,1
309,2,18,1,1,1,1,1,1,1,1
29,2,19,1,1,1,1,1,1,1,1
196,2,20,1,1,1,1,1,1,1,1
146,2,21,1,1,1,1,1,1,1,1
85,2,22,1,1,1,1,1,1,1,1
190,2,23,1,1,1,1,1,1,1,1
19,2,24,1,1,1,1,1,1,1,1
32,2,25,1,1,1,1,1,1,1,1
317,2,26,1,1,1,1,1,1,1,1
192,2,27,1,1,1,1,1,1,1,1
69,2,28,1,1,1,1,1,1,1,1
273,2,29,1,1,1,1,1,1,1,1
160,2,30,1,1,1,1,1,1,1,1
304,2,31,1,1,1,1,1,1,1,1
156,2,32,1,1,1,1,1,1,1,1
97,2,33,0,1,1,1,1,1,1,1
12,2,34,0,1,1,1,1,1,1,1
185,2,35,0,1,1,1,1,1,1,1
233,2,36,0,1,1,1,1,1,1,1
26,2,37,0,1,1,1,1,1,1,1
42,2,38,0,1,1,1,1,1,1,1
28,2,39,0,1,1,1,1,1,1,1
264,2,40,0,1,1,1,1,1,1,1
178,2,41,0,1,1,1,1,1,1,1
308,2,42,0,1,1,1,1,1,1,1
152,2,43,0,1,1,1,1,1,1,1
205,2,44,0,1,1,1,1,1,1,1
121,2,45,0,1,1,1,1,1,1,1
149,2,46,0,1,1,1,1,1,1,1
95,2,47,0,1,1,1,1,1,1,1
234,2,48,0,1,1,1,1,1,1,1
247,2,49,0,1,1,1,1,1,1,1
276,2,50,0,1,1,1,1,1,1,1
45,2,51,0,1,1,1,1,1,1,1
126,2,52,0,1,1,1,1,1,1,1
3,2,53,0,1,1,1,1,1,1,1
144,2,54,0,1,1,1,1,1,1,1
138,2,55,0,1,1,1,1,1,1,1
163,2,56,0,1,1,1,1,1,1,1
295,2,57,0,1,1,1,1,1,1,1
136,2,58,0,1,1,1,1,1,1,1
39,2,59,0,1,1,1,1,1,1,1
132,2,60,0,1,1,1,1,1,1,1
147,2,61,0,1,1,1,1,1,1,1
301,2,62,0,1,1,1,1,1,1,1
139,2,63,0,1,1,1,1,1,1,1
172,2,64,0,1,1,1,1,1,1,1
1,2,65,0,0,1,1,1,1,1,1
206,2,66,0,0,1,1,1,1,1,1
292,2,67,0,0,1,1,1,1,1,1
319,2,68,0,0,1,1,1,1,1,1
263,2,69,0,0,1,1,1,1,1,1
43,2,70,0,0,1,1,1,1,1,1
311,2,71,0,0,1,1,1,1,1,1
251,2,72,0,0,1,1,1,1,1,1
145,2,73,0,0,1,1,1,1,1,1
68,2,74,0,0,1,1,1,1,1,1
109,2,75,0,0,1,1,1,1,1,1
123,2,76,0,0,1,1,1,1,1,1
186,2,77,0,0,1,1,1,1,1,1
245,2,78,0,0,1,1,1,1,1,1
48,2,79,0,0,1,1,1,1,1,1
219,2,80,0,0,1,1,1,1,1,1
47,2,81,0,0,1,1,1,1,1,1
67,2,82,0,0,1,1,1,1,1,1
188,2,83,0,0,1,1,1,1,1,1
197,2,84,0,0,1,1,1,1,1,1
86,2,85,0,0,1,1,1,1,1,1
280,2,86,0,0,1,1,1,1,1,1
7,2,87,0,0,1,1,1,1,1,1
49,2,88,0,0,1,1,1,1,1,1
238,2,89,0,0,1,1,1,1,1,1
291,2,90,0,0,1,1,1,1,1,1
73,2,91,0,0,1,1,1,1,1,1
298,2,92,0,0,1,1,1,1,1,1
65,2,93,0,0,1,1,1,1,1,1
118,2,94,0,0,1,1,1,1,1,1
289,2,95,0,0,1,1,1,1,1,1
269,2,96,0,0,1,1,1,1,1,1
130,2,97,0,0,0,1,1,1,1,1
310,2,98,0,0,0,1,1,1,1,1
157,2,99,0,0,0,1,1,1,1,1
35,2,100,0,0,0,1,1,1,1,1
170,2,101,0,0,0,1,1,1,1,1
40,2,102,0,0,0,1,1,1,1,1
87,2,103,0,0,0,1,1,1,1,1
198,2,104,0,0,0,1,1,1,1,1
228,2,105,0,0,0,1,1,1,1,1
221,2,106,0,0,0,1,1,1,1,1
75,2,107,0,0,0,1,1,1,1,1
253,2,108,0,0,0,1,1,1,1,1
30,2,109,0,0,0,1,1,1,1,1
290,2,110,0,0,0,1,1,1,1,1
112,2,111,0,0,0,1,1,1,1,1
174,2,112,0,0,0,1,1,1,1,1
96,2,113,0,0,0,1,1,1,1,1
103,2,114,0,0,0,1,1,1,1,1
107,2,115,0,0,0,1,1,1,1,1
105,2,116,0,0,0,1,1,1,1,1
56,2,117,0,0,0,1,1,1,1,1
224,2,118,0,0,0,1,1,1,1,1
11,2,119,0,0,0,1,1,1,1,1
59,2,120,0,0,0,1,1,1,1,1
55,2,121,0,0,0,1,1,1,1,1
72,2,122,0,0,0,1,1,1,1,1
102,2,123,0,0,0,1,1,1,1,1
10,2,124,0,0,0,1,1,1,1,1
24,2,125,0,0,0,1,1,1,1,1
183,2,126,0,0,0,1,1,1,1,1
117,2,127,0,0,0,1,1,1,1,1
92,2,128,0,0,0,1,1,1,1,1
293,2,129,0,0,0,0,1,1,1,1
14,2,130,0,0,0,0,1,1,1,1
279,2,131,0,0,0,0,1,1,1,1
134,2,132,0,0,0,0,1,1,1,1
46,2,133,0,0,0,0,1,1,1,1
231,2,134,0,0,0,0,1,1,1,1
79,2,135,0,0,0,0,1,1,1,1
137,2,136,0,0,0,0,1,1,1,1
60,2,137,0,0,0,0,1,1,1,1
25,2,138,0,0,0,0,1,1,1,1
230,2,139,0,0,0,0,1,1,1,1
270,2,140,0,0,0,0,1,1,1,1
20,2,141,0,0,0,0,1,1,1,1
41,2,142,0,0,0,0,1,1,1,1
243,2,143,0,0,0,0,1,1,1,1
246,2,144,0,0,0,0,1,1,1,1
81,2,145,0,0,0,0,1,1,1,1
242,2,146,0,0,0,0,1,1,1,1
265,2,147,0,0,0,0,1,1,1,1
171,2,148,0,0,0,0,1,1,1,1
150,2,149,0,0,0,0,1,1,1,1
164,2,150,0,0,0,0,1,1,1,1
8,2,151,0,0,0,0,1,1,1,1
142,2,152,0,0,0,0,1,1,1,1
313,2,153,0,0,0,0,1,1,1,1
154,2,154,0,0,0,0,1,1,1,1
16,2,155,0,0,0,0,1,1,1,1
58,2,156,0,0,0,0,1,1,1,1
232,2,157,0,0,0,0,1,1,1,1
241,2,158,0,0,0,0,1,1,1,1
166,2,159,0,0,0,0,1,1,1,1
57,2,160,0,0,0,0,1,1,1,1
212,2,161,0,0,0,0,0,1,1,1
66,2,162,0,0,0,0,0,1,1,1
320,2,163,0,0,0,0,0,1,1,1
175,2,164,0,0,0,0,0,1,1,1
272,2,165,0,0,0,0,0,1,1,1
294,2,166,0,0,0,0,0,1,1,1
71,2,167,0,0,0,0,0,1,1,1
314,2,168,0,0,0,0,0,1,1,1
135,2,169,0,0,0,0,0,1,1,1
306,2,170,0,0,0,0,0,1,1,1
191,2,171,0,0,0,0,0,1,1,1
4,2,172,0,0,0,0,0,1,1,1
302,2,173,0,0,0,0,0,1,1,1
179,2,174,0,0,0,0,0,1,1,1
141,2,175,0,0,0,0,0,1,1,1
282,2,176,0,0,0,0,0,1,1,1
89,2,177,0,0,0,0,0,1,1,1
33,2,178,0,0,0,0,0,1,1,1
227,2,179,0,0,0,0,0,1,1,1
62,2,180,0,0,0,0,0,1,1,1
287,2,181,0,0,0,0,0,1,1,1
288,2,182,0,0,0,0,0,1,1,1
215,2,183,0,0,0,0,0,1,1,1
17,2,184,0,0,0,0,0,1,1,1
240,2,185,0,0,0,0,0,1,1,1
208,2,186,0,0,0,0,0,1,1,1
129,2,187,0,0,0,0,0,1,1,1
23,2,188,0,0,0,0,0,1,1,1
15,2,189,0,0,0,0,0,1,1,1
182,2,190,0,0,0,0,0,1,1,1
321,2,191,0,0,0,0,0,1,1,1
165,2,192,0,0,0,0,0,1,1,1
201,2,193,0,0,0,0,0,0,1,1
22,2,194,0,0,0,0,0,0,1,1
173,2,195,0,0,0,0,0,0,1,1
63,2,196,0,0,0,0,0,0,1,1
84,2,197,0,0,0,0,0,0,1,1
249,2,198,0,0,0,0,0,0,1,1
261,2,199,0,0,0,0,0,0,1,1
189,2,200,0,0,0,0,0,0,1,1
223,2,201,0,0,0,0,0,0,1,1
216,2,202,0,0,0,0,0,0,1,1
101,2,203,0,0,0,0,0,0,1,1
255,2,204,0,0,0,0,0,0,1,1
54,2,205,0,0,0,0,0,0,1,1
78,2,206,0,0,0,0,0,0,1,1
143,2,207,0,0,0,0,0,0,1,1
38,2,208,0,0,0,0,0,0,1,1
187,2,209,0,0,0,0,0,0,1,1
111,2,210,0,0,0,0,0,0,1,1
6,2,211,0,0,0,0,0,0,1,1
210,2,212,0,0,0,0,0,0,1,1
100,2,213,0,0,0,0,0,0,1,1
257,2,214,0,0,0,0,0,0,1,1
237,2,215,0,0,0,0,0,0,1,1
259,2,216,0,0,0,0,0,0,1,1
278,2,217,0,0,0,0,0,0,1,1
128,2,218,0,0,0,0,0,0,1,1
110,2,219,0,0,0,0,0,0,1,1
214,2,220,0,0,0,0,0,0,1,1
297,2,221,0,0,0,0,0,0,1,1
159,2,222,0,0,0,0,0,0,1,1
21,2,223,0,0,0,0,0,0,1,1
127,2,224,0,0,0,0,0,0,1,1
303,2,225,0,0,0,0,0,0,0,1
266,2,226,0,0,0,0,0,0,0,1
133,2,227,0,0,0,0,0,0,0,1
34,2,228,0,0,0,0,0,0,0,1
316,2,229,0,0,0,0,0,0,0,1
283,2,230,0,0,0,0,0,0,0,1
209,2,231,0,0,0,0,0,0,0,1
244,2,232,0,0,0,0,0,0,0,1
64,2,233,0,0,0,0,0,0,0,1
226,2,234,0,0,0,0,0,0,0,1
125,2,235,0,0,0,0,0,0,0,1
98,2,236,0,0,0,0,0,0,0,1
299,2,237,0,0,0,0,0,0,0,1
113,2,238,0,0,0,0,0,0,0,1
254,2,239,0,0,0,0,0,0,0,1
199,2,240,0,0,0,0,0,0,0,1
122,2,241,0,0,0,0,0,0,0,1
106,2,242,0,0,0,0,0,0,0,1
268,2,243,0,0,0,0,0,0,0,1
248,2,244,0,0,0,0,0,0,0,1
51,2,245,0,0,0,0,0,0,0,1
236,2,246,0,0,0,0,0,0,0,1
184,2,247,0,0,0,0,0,0,0,1
181,2,248,0,0,0,0,0,0,0,1
115,2,249,0,0,0,0,0,0,0,1
229,2,250,0,0,0,0,0,0,0,1
169,2,251,0,0,0,0,0,0,0,1
300,2,252,0,0,0,0,0,0,0,1
194,2,253,0,0,0,0,0,0,0,0
46,3,1,1,1,1,1,1,1,1,1
2,3,2,1,1,1,1,1,1,1,1
166,3,3,1,1,1,1,1,1,1,1
180,3,4,1,1,1,1,1,1,1,1
279,3,5,1,1,1,1,1,1,1,1
205,3,6,1,1,1,1,1,1,1,1
278,3,7,1,1,1,1,1,1,1,1
135,3,8,1,1,1,1,1,1,1,1
105,3,9,1,1,1,1,1,1,1,1
37,3,10,1,1,1,1,1,1,1,1
85,3,11,1,1,1,1,1,1,1,1
95,3,12,1,1,1,1,1,1,1,1
91,3,13,1,1,1,1,1,1,1,1
112,3,14,1,1,1,1,1,1,1,1
155,3,15,1,1,1,1,1,1,1,1
123,3,16,1,1,1,1,1,1,1,1
81,3,17,1,1,1,1,1,1,1,1
309,3,18,1,1,1,1,1,1,1,1
29,3,19,1,1,1,1,1,1,1,1
200,3,20,1,1,1,1,1,1,1,1
151,3,21,1,1,1,1,1,1,1,1
88,3,22,1,1,1,1,1,1,1,1
195,3,23,1,1,1,1,1,1,1,1
18,3,24,1,1,1,1,1,1,1,1
31,3,25,1,1,1,1,1,1,1,1
317,3,26,1,1,1,1,1,1,1,1
197,3,27,1,1,1,1,1,1,1,1
75,3,28,1,1,1,1,1,1,1,1
271,3,29,1,1,1,1,1,1,1,1
165,3,30,1,1,1,1,1,1,1,1
305,3,31,1,1,1,1,1,1,1,1
160,3,32,1,1,1,1,1,1,1,1
98,3,33,0,1,1,1,1,1,1,1
12,3,34,0,1,1,1,1,1,1,1
189,3,35,0,1,1,1,1,1,1,1
229,3,36,0,1,1,1,1,1,1,1
26,3,37,0,1,1,1,1,1,1,1
42,3,38,0,1,1,1,1,1,1,1
27,3,39,0,1,1,1,1,1,1,1
259,3,40,0,1,1,1,1,1,1,1
182,3,41,0,1,1,1,1,1,1,1
307,3,42,0,1,1,1,1,1,1,1
158,3,43,0,1,1,1,1,1,1,1
206,3,44,0,1,1,1,1,1,1,1
124,3,45,0,1,1,1,1,1,1,1
156,3,46,0,1,1,1,1,1,1,1
96,3,47,0,1,1,1,1,1,1,1
230,3,48,0,1,1,1,1,1,1,1
245,3,49,0,1,1,1,1,1,1,1
272,3,50,0,1,1,1,1,1,1,1
47,3,51,0,1,1,1,1,1,1,1
129,3,52,0,1,1,1,1,1,1,1
3,3,53,0,1,1,1,1,1,1,1
149,3,54,0,1,1,1,1,1,1,1
142,3,55,0,1,1,1,1,1,1,1
167,3,56,0,1,1,1,1,1,1,1
293,3,57,0,1,1,1,1,1,1,1
140,3,58,0,1,1,1,1,1,1,1
39,3,59,0,1,1,1,1,1,1,1
136,3,60,0,1,1,1,1,1,1,1
153,3,61,0,1,1,1,1,1,1,1
301,3,62,0,1,1,1,1,1,1,1
144,3,63,0,1,1,1,1,1,1,1
174,3,64,0,1,1,1,1,1,1,1
1,3,65,0,0,1,1,1,1,1,1
207,3,66,0,0,1,1,1,1,1,1
287,3,67,0,0,1,1,1,1,1,1
318,3,68,0,0,1,1,1,1,1,1
258,3,69,0,0,1,1,1,1,1,1
44,3,70,0,0,1,1,1,1,1,1
312,3,71,0,0,1,1,1,1,1,1
249,3,72,0,0,1,1,1,1,1,1
150,3,73,0,0,1,1,1,1,1,1
74,3,74,0,0,1,1,1,1,1,1
113,3,75,0,0,1,1,1,1,1,1
126,3,76,0,0,1,1,1,1,1,1
190,3,77,0,0,1,1,1,1,1,1
243,3,78,0,0,1,1,1,1,1,1
52,3,79,0,0,1,1,1,1,1,1
216,3,80,0,0,1,1,1,1,1,1
50,3,81,0,0,1,1,1,1,1,1
73,3,82,0,0,1,1,1,1,1,1
192,3,83,0,0,1,1,1,1,1,1
201,3,84,0,0,1,1,1,1,1,1
89,3,85,0,0,1,1,1,1,1,1
275,3,86,0,0,1,1,1,1,1,1
8,3,87,0,0,1,1,1,1,1,1
53,3,88,0,0,1,1,1,1,1,1
235,3,89,0,0,1,1,1,1,1,1
286,3,90,0,0,1,1,1,1,1,1
78,3,91,0,0,1,1,1,1,1,1
296,3,92,0,0,1,1,1,1,1,1
71,3,93,0,0,1,1,1,1,1,1
122,3,94,0,0,1,1,1,1,1,1
284,3,95,0,0,1,1,1,1,1,1
265,3,96,0,0,1,1,1,1,1,1
134,3,97,0,0,0,1,1,1,1,1
311,3,98,0,0,0,1,1,1,1,1
162,3,99,0,0,0,1,1,1,1,1
36,3,100,0,0,0,1,1,1,1,1
172,3,101,0,0,0,1,1,1,1,1
40,3,102,0,0,0,1,1,1,1,1
90,3,103,0,0,0,1,1,1,1,1
202,3,104,0,0,0,1,1,1,1,1
223,3,105,0,0,0,1,1,1,1,1
217,3,106,0,0,0,1,1,1,1,1
80,3,107,0,0,0,1,1,1,1,1
250,3,108,0,0,0,1,1,1,1,1
30,3,109,0,0,0,1,1,1,1,1
285,3,110,0,0,0,1,1,1,1,1
117,3,111,0,0,0,1,1,1,1,1
176,3,112,0,0,0,1,1,1,1,1
97,3,113,0,0,0,1,1,1,1,1
104,3,114,0,0,0,1,1,1,1,1
109,3,115,0,0,0,1,1,1,1,1
106,3,116,0,0,0,1,1,1,1,1
59,3,117,0,0,0,1,1,1,1,1
220,3,118,0,0,0,1,1,1,1,1
11,3,119,0,0,0,1,1,1,1,1
63,3,120,0,0,0,1,1,1,1,1
57,3,121,0,0,0,1,1,1,1,1
77,3,122,0,0,0,1,1,1,1,1
103,3,123,0,0,0,1,1,1,1,1
10,3,124,0,0,0,1,1,1,1,1
24,3,125,0,0,0,1,1,1,1,1
187,3,126,0,0,0,1,1,1,1,1
121,3,127,0,0,0,1,1,1,1,1
93,3,128,0,0,0,1,1,1,1,1
288,3,129,0,0,0,0,1,1,1,1
13,3,130,0,0,0,0,1,1,1,1
274,3,131,0,0,0,0,1,1,1,1
138,3,132,0,0,0,0,1,1,1,1
49,3,133,0,0,0,0,1,1,1,1
226,3,134,0,0,0,0,1,1,1,1
83,3,135,0,0,0,0,1,1,1,1
141,3,136,0,0,0,0,1,1,1,1
66,3,137,0,0,0,0,1,1,1,1
25,3,138,0,0,0,0,1,1,1,1
225,3,139,0,0,0,0,1,1,1,1
266,3,140,0,0,0,0,1,1,1,1
19,3,141,0,0,0,0,1,1,1,1
41,3,142,0,0,0,0,1,1,1,1
241,3,143,0,0,0,0,1,1,1,1
244,3,144,0,0,0,0,1,1,1,1
84,3,145,0,0,0,0,1,1,1,1
238,3,146,0,0,0,0,1,1,1,1
261,3,147,0,0,0,0,1,1,1,1
173,3,148,0,0,0,0,1,1,1,1
157,3,149,0,0,0,0,1,1,1,1
168,3,150,0,0,0,0,1,1,1,1
9,3,151,0,0,0,0,1,1,1,1
147,3,152,0,0,0,0,1,1,1,1
313,3,153,0,0,0,0,1,1,1,1
159,3,154,0,0,0,0,1,1,1,1
15,3,155,0,0,0,0,1,1,1,1
62,3,156,0,0,0,0,1,1,1,1
227,3,157,0,0,0,0,1,1,1,1
237,3,158,0,0,0,0,1,1,1,1
170,3,159,0,0,0,0,1,1,1,1
61,3,160,0,0,0,0,1,1,1,1
211,3,161,0,0,0,0,0,1,1,1
72,3,162,0,0,0,0,0,1,1,1
320,3,163,0,0,0,0,0,1,1,1
178,3,164,0,0,0,0,0,1,1,1
270,3,165,0,0,0,0,0,1,1,1
290,3,166,0,0,0,0,0,1,1,1
76,3,167,0,0,0,0,0,1,1,1
314,3,168,0,0,0,0,0,1,1,1
139,3,169,0,0,0,0,0,1,1,1
306,3,170,0,0,0,0,0,1,1,1
196,3,171,0,0,0,0,0,1,1,1
5,3,172,0,0,0,0,0,1,1,1
302,3,173,0,0,0,0,0,1,1,1
183,3,174,0,0,0,0,0,1,1,1
145,3,175,0,0,0,0,0,1,1,1
276,3,176,0,0,0,0,0,1,1,1
92,3,177,0,0,0,0,0,1,1,1
33,3,178,0,0,0,0,0,1,1,1
222,3,179,0,0,0,0,0,1,1,1
67,3,180,0,0,0,0,0,1,1,1
281,3,181,0,0,0,0,0,1,1,1
282,3,182,0,0,0,0,0,1,1,1
214,3,183,0,0,0,0,0,1,1,1
17,3,184,0,0,0,0,0,1,1,1
236,3,185,0,0,0,0,0,1,1,1
208,3,186,0,0,0,0,0,1,1,1
133,3,187,0,0,0,0,0,1,1,1
23,3,188,0,0,0,0,0,1,1,1
14,3,189,0,0,0,0,0,1,1,1
186,3,190,0,0,0,0,0,1,1,1
321,3,191,0,0,0,0,0,1,1,1
169,3,192,0,0,0,0,0,1,1,1
204,3,193,0,0,0,0,0,0,1,1
22,3,194,0,0,0,0,0,0,1,1
175,3,195,0,0,0,0,0,0,1,1
69,3,196,0,0,0,0,0,0,1,1
87,3,197,0,0,0,0,0,0,1,1
248,3,198,0,0,0,0,0,0,1,1
255,3,199,0,0,0,0,0,0,1,1
193,3,200,0,0,0,0,0,0,1,1
218,3,201,0,0,0,0,0,0,1,1
215,3,202,0,0,0,0,0,0,1,1
102,3,203,0,0,0,0,0,0,1,1
252,3,204,0,0,0,0,0,0,1,1
55,3,205,0,0,0,0,0,0,1,1
82,3,206,0,0,0,0,0,0,1,1
148,3,207,0,0,0,0,0,0,1,1
38,3,208,0,0,0,0,0,0,1,1
191,3,209,0,0,0,0,0,0,1,1
116,3,210,0,0,0,0,0,0,1,1
7,3,211,0,0,0,0,0,0,1,1
210,3,212,0,0,0,0,0,0,1,1
101,3,213,0,0,0,0,0,0,1,1
253,3,214,0,0,0,0,0,0,1,1
233,3,215,0,0,0,0,0,0,1,1
254,3,216,0,0,0,0,0,0,1,1
273,3,217,0,0,0,0,0,0,1,1
132,3,218,0,0,0,0,0,0,1,1
114,3,219,0,0,0,0,0,0,1,1
213,3,220,0,0,0,0,0,0,1,1
294,3,221,0,0,0,0,0,0,1,1
164,3,222,0,0,0,0,0,0,1,1
20,3,223,0,0,0,0,0,0,1,1
130,3,224,0,0,0,0,0,0,1,1
303,3,225,0,0,0,0,0,0,0,1
263,3,226,0,0,0,0,0,0,0,1
137,3,227,0,0,0,0,0,0,0,1
34,3,228,0,0,0,0,0,0,0,1
315,3,229,0,0,0,0,0,0,0,1
277,3,230,0,0,0,0,0,0,0,1
209,3,231,0,0,0,0,0,0,0,1
242,3,232,0,0,0,0,0,0,0,1
70,3,233,0,0,0,0,0,0,0,1
221,3,234,0,0,0,0,0,0,0,1
127,3,235,0,0,0,0,0,0,0,1
99,3,236,0,0,0,0,0,0,0,1
299,3,237,0,0,0,0,0,0,0,1
118,3,238,0,0,0,0,0,0,0,1
251,3,239,0,0,0,0,0,0,0,1
203,3,240,0,0,0,0,0,0,0,1
125,3,241,0,0,0,0,0,0,0,1
108,3,242,0,0,0,0,0,0,0,1
264,3,243,0,0,0,0,0,0,0,1
247,3,244,0,0,0,0,0,0,0,1
54,3,245,0,0,0,0,0,0,0,1
232,3,246,0,0,0,0,0,0,0,1
188,3,247,0,0,0,0,0,0,0,1
184,3,248,0,0,0,0,0,0,0,1
119,3,249,0,0,0,0,0,0,0,1
224,3,250,0,0,0,0,0,0,0,1
171,3,251,0,0,0,0,0,0,0,1
300,3,252,0,0,0,0,0,0,0,1
199,3,253,0,0,0,0,0,0,0,0
47,4,1,1,1,1,1,1,1,1,1
3,4,2,1,1,1,1,1,1,1,1
160,4,3,1,1,1,1,1,1,1,1
173,4,4,1,1,1,1,1,1,1,1
287,4,5,1,1,1,1,1,1,1,1
200,4,6,1,1,1,1,1,1,1,1
285,4,7,1,1,1,1,1,1,1,1
132,4,8,1,1,1,1,1,1,1,1
106,4,9,1,1,1,1,1,1,1,1
40,4,10,1,1,1,1,1,1,1,1
86,4,11,1,1,1,1,1,1,1,1
96,4,12,1,1,1,1,1,1,1,1
93,4,13,1,1,1,1,1,1,1,1
110,4,14,1,1,1,1,1,1,1,1
151,4,15,1,1,1,1,1,1,1,1
120,4,16,1,1,1,1,1,1,1,1
81,4,17,1,1,1,1,1,1,1,1
309,4,18,1,1,1,1,1,1,1,1
33,4,19,1,1,1,1,1,1,1,1
194,4,20,1,1,1,1,1,1,1,1
148,4,21,1,1,1,1,1,1,1,1
89,4,22,1,1,1,1,1,1,1,1
186,4,23,1,1,1,1,1,1,1,1
23,4,24,1,1,1,1,1,1,1,1
35,4,25,1,1,1,1,1,1,1,1
316,4,26,1,1,1,1,1,1,1,1
191,4,27,1,1,1,1,1,1,1,1
74,4,28,1,1,1,1,1,1,1,1
277,4,29,1,1,1,1,1,1,1,1
159,4,30,1,1,1,1,1,1,1,1
306,4,31,1,1,1,1,1,1,1,1
156,4,32,1,1,1,1,1,1,1,1
100,4,33,0,1,1,1,1,1,1,1
17,4,34,0,1,1,1,1,1,1,1
180,4,35,0,1,1,1,1,1,1,1
228,4,36,0,1,1,1,1,1,1,1
31,4,37,0,1,1,1,1,1,1,1
45,4,38,0,1,1,1,1,1,1,1
32,4,39,0,1,1,1,1,1,1,1
269,4,40,0,1,1,1,1,1,1,1
174,4,41,0,1,1,1,1,1,1,1
308,4,42,0,1,1,1,1,1,1,1
154,4,43,0,1,1,1,1,1,1,1
201,4,44,0,1,1,1,1,1,1,1
121,4,45,0,1,1,1,1,1,1,1
152,4,46,0,1,1,1,1,1,1,1
98,4,47,0,1,1,1,1,1,1,1
231,4,48,0,1,1,1,1,1,1,1
246,4,49,0,1,1,1,1,1,1,1
278,4,50,0,1,1,1,1,1,1,1
48,4,51,0,1,1,1,1,1,1,1
127,4,52,0,1,1,1,1,1,1,1
4,4,53,0,1,1,1,1,1,1,1
145,4,54,0,1,1,1,1,1,1,1
140,4,55,0,1,1,1,1,1,1,1
161,4,56,0,1,1,1,1,1,1,1
298,4,57,0,1,1,1,1,1,1,1
138,4,58,0,1,1,1,1,1,1,1
42,4,59,0,1,1,1,1,1,1,1
133,4,60,0,1,1,1,1,1,1,1
149,4,61,0,1,1,1,1,1,1,1
303,4,62,0,1,1,1,1,1,1,1
141,4,63,0,1,1,1,1,1,1,1
169,4,64,0,1,1,1,1,1,1,1
2,4,65,0,0,1,1,1,1,1,1
202,4,66,0,0,1,1,1,1,1,1
295,4,67,0,0,1,1,1,1,1,1
318,4,68,0,0,1,1,1,1,1,1
268,4,69,0,0,1,1,1,1,1,1
46,4,70,0,0,1,1,1,1,1,1
311,4,71,0,0,1,1,1,1,1,1
251,4,72,0,0,1,1,1,1,1,1
146,4,73,0,0,1,1,1,1,1,1
73,4,74,0,0,1,1,1,1,1,1
111,4,75,0,0,1,1,1,1,1,1
124,4,76,0,0,1,1,1,1,1,1
181,4,77,0,0,1,1,1,1,1,1
242,4,78,0,0,1,1,1,1,1,1
51,4,79,0,0,1,1,1,1,1,1
213,4,80,0,0,1,1,1,1,1,1
50,4,81,0,0,1,1,1,1,1,1
72,4,82,0,0,1,1,1,1,1,1
184,4,83,0,0,1,1,1,1,1,1
195,4,84,0,0,1,1,1,1,1,1
90,4,85,0,0,1,1,1,1,1,1
281,4,86,0,0,1,1,1,1,1,1
9,4,87,0,0,1,1,1,1,1,1
52,4,88,0,0,1,1,1,1,1,1
234,4,89,0,0,1,1,1,1,1,1
294,4,90,0,0,1,1,1,1,1,1
79,4,91,0,0,1,1,1,1,1,1
300,4,92,0,0,1,1,1,1,1,1
68,4,93,0,0,1,1,1,1,1,1
119,4,94,0,0,1,1,1,1,1,1
291,4,95,0,0,1,1,1,1,1,1
274,4,96,0,0,1,1,1,1,1,1
131,4,97,0,0,0,1,1,1,1,1
310,4,98,0,0,0,1,1,1,1,1
157,4,99,0,0,0,1,1,1,1,1
38,4,100,0,0,0,1,1,1,1,1
167,4,101,0,0,0,1,1,1,1,1
43,4,102,0,0,0,1,1,1,1,1
91,4,103,0,0,0,1,1,1,1,1
196,4,104,0,0,0,1,1,1,1,1
221,4,105,0,0,0,1,1,1,1,1
215,4,106,0,0,0,1,1,1,1,1
80,4,107,0,0,0,1,1,1,1,1
252,4,108,0,0,0,1,1,1,1,1
34,4,109,0,0,0,1,1,1,1,1
292,4,110,0,0,0,1,1,1,1,1
115,4,111,0,0,0,1,1,1,1,1
171,4,112,0,0,0,1,1,1,1,1
99,4,113,0,0,0,1,1,1,1,1
105,4,114,0,0,0,1,1,1,1,1
109,4,115,0,0,0,1,1,1,1,1
107,4,116,0,0,0,1,1,1,1,1
57,4,117,0,0,0,1,1,1,1,1
218,4,118,0,0,0,1,1,1,1,1
16,4,119,0,0,0,1,1,1,1,1
60,4,120,0,0,0,1,1,1,1,1
56,4,121,0,0,0,1,1,1,1,1
77,4,122,0,0,0,1,1,1,1,1
104,4,123,0,0,0,1,1,1,1,1
14,4,124,0,0,0,1,1,1,1,1
29,4,125,0,0,0,1,1,1,1,1
178,4,126,0,0,0,1,1,1,1,1
118,4,127,0,0,0,1,1,1,1,1
95,4,128,0,0,0,1,1,1,1,1
296,4,129,0,0,0,0,1,1,1,1
18,4,130,0,0,0,0,1,1,1,1
280,4,131,0,0,0,0,1,1,1,1
136,4,132,0,0,0,0,1,1,1,1
49,4,133,0,0,0,0,1,1,1,1
226,4,134,0,0,0,0,1,1,1,1
83,4,135,0,0,0,0,1,1,1,1
139,4,136,0,0,0,0,1,1,1,1
61,4,137,0,0,0,0,1,1,1,1
30,4,138,0,0,0,0,1,1,1,1
225,4,139,0,0,0,0,1,1,1,1
275,4,140,0,0,0,0,1,1,1,1
24,4,141,0,0,0,0,1,1,1,1
44,4,142,0,0,0,0,1,1,1,1
240,4,143,0,0,0,0,1,1,1,1
243,4,144,0,0,0,0,1,1,1,1
85,4,145,0,0,0,0,1,1,1,1
237,4,146,0,0,0,0,1,1,1,1
270,4,147,0,0,0,0,1,1,1,1
168,4,148,0,0,0,0,1,1,1,1
153,4,149,0,0,0,0,1,1,1,1
162,4,150,0,0,0,0,1,1,1,1
13,4,151,0,0,0,0,1,1,1,1
143,4,152,0,0,0,0,1,1,1,1
312,4,153,0,0,0,0,1,1,1,1
155,4,154,0,0,0,0,1,1,1,1
21,4,155,0,0,0,0,1,1,1,1
59,4,156,0,0,0,0,1,1,1,1
227,4,157,0,0,0,0,1,1,1,1
236,4,158,0,0,0,0,1,1,1,1
164,4,159,0,0,0,0,1,1,1,1
58,4,160,0,0,0,0,1,1,1,1
207,4,161,0,0,0,0,0,1,1,1
70,4,162,0,0,0,0,0,1,1,1
319,4,163,0,0,0,0,0,1,1,1
172,4,164,0,0,0,0,0,1,1,1
276,4,165,0,0,0,0,0,1,1,1
297,4,166,0,0,0,0,0,1,1,1
76,4,167,0,0,0,0,0,1,1,1
314,4,168,0,0,0,0,0,1,1,1
137,4,169,0,0,0,0,0,1,1,1
307,4,170,0,0,0,0,0,1,1,1
190,4,171,0,0,0,0,0,1,1,1
5,4,172,0,0,0,0,0,1,1,1
304,4,173,0,0,0,0,0,1,1,1
175,4,174,0,0,0,0,0,1,1,1
142,4,175,0,0,0,0,0,1,1,1
282,4,176,0,0,0,0,0,1,1,1
94,4,177,0,0,0,0,0,1,1,1
36,4,178,0,0,0,0,0,1,1,1
220,4,179,0,0,0,0,0,1,1,1
63,4,180,0,0,0,0,0,1,1,1
289,4,181,0,0,0,0,0,1,1,1
290,4,182,0,0,0,0,0,1,1,1
211,4,183,0,0,0,0,0,1,1,1
22,4,184,0,0,0,0,0,1,1,1
235,4,185,0,0,0,0,0,1,1,1
204,4,186,0,0,0,0,0,1,1,1
130,4,187,0,0,0,0,0,1,1,1
28,4,188,0,0,0,0,0,1,1,1
20,4,189,0,0,0,0,0,1,1,1
177,4,190,0,0,0,0,0,1,1,1
321,4,191,0,0,0,0,0,1,1,1
163,4,192,0,0,0,0,0,1,1,1
199,4,193,0,0,0,0,0,0,1,1
27,4,194,0,0,0,0,0,0,1,1
170,4,195,0,0,0,0,0,0,1,1
64,4,196,0,0,0,0,0,0,1,1
87,4,197,0,0,0,0,0,0,1,1
250,4,198,0,0,0,0,0,0,1,1
265,4,199,0,0,0,0,0,0,1,1
185,4,200,0,0,0,0,0,0,1,1
217,4,201,0,0,0,0,0,0,1,1
212,4,202,0,0,0,0,0,0,1,1
103,4,203,0,0,0,0,0,0,1,1
254,4,204,0,0,0,0,0,0,1,1
55,4,205,0,0,0,0,0,0,1,1
82,4,206,0,0,0,0,0,0,1,1
144,4,207,0,0,0,0,0,0,1,1
41,4,208,0,0,0,0,0,0,1,1
182,4,209,0,0,0,0,0,0,1,1
114,4,210,0,0,0,0,0,0,1,1
6,4,211,0,0,0,0,0,0,1,1
206,4,212,0,0,0,0,0,0,1,1
102,4,213,0,0,0,0,0,0,1,1
257,4,214,0,0,0,0,0,0,1,1
233,4,215,0,0,0,0,0,0,1,1
258,4,216,0,0,0,0,0,0,1,1
279,4,217,0,0,0,0,0,0,1,1
129,4,218,0,0,0,0,0,0,1,1
113,4,219,0,0,0,0,0,0,1,1
208,4,220,0,0,0,0,0,0,1,1
299,4,221,0,0,0,0,0,0,1,1
158,4,222,0,0,0,0,0,0,1,1
26,4,223,0,0,0,0,0,0,1,1
128,4,224,0,0,0,0,0,0,1,1
305,4,225,0,0,0,0,0,0,0,1
271,4,226,0,0,0,0,0,0,0,1
134,4,227,0,0,0,0,0,0,0,1
37,4,228,0,0,0,0,0,0,0,1
315,4,229,0,0,0,0,0,0,0,1
283,4,230,0,0,0,0,0,0,0,1
205,4,231,0,0,0,0,0,0,0,1
241,4,232,0,0,0,0,0,0,0,1
65,4,233,0,0,0,0,0,0,0,1
219,4,234,0,0,0,0,0,0,0,1
126,4,235,0,0,0,0,0,0,0,1
101,4,236,0,0,0,0,0,0,0,1
301,4,237,0,0,0,0,0,0,0,1
116,4,238,0,0,0,0,0,0,0,1
253,4,239,0,0,0,0,0,0,0,1
198,4,240,0,0,0,0,0,0,0,1
123,4,241,0,0,0,0,0,0,0,1
108,4,242,0,0,0,0,0,0,0,1
272,4,243,0,0,0,0,0,0,0,1
247,4,244,0,0,0,0,0,0,0,1
53,4,245,0,0,0,0,0,0,0,1
232,4,246,0,0,0,0,0,0,0,1
179,4,247,0,0,0,0,0,0,0,1
176,4,248,0,0,0,0,0,0,0,1
117,4,249,0,0,0,0,0,0,0,1
222,4,250,0,0,0,0,0,0,0,1
166,4,251,0,0,0,0,0,0,0,1
302,4,252,0,0,0,0,0,0,0,1
193,4,253,0,0,0,0,0,0,0,0
